ID_NEON,ID_SENTINEL
2022_ABBY_5,20220711T185919_20220711T190833_T10TER
2022_ARIK_4,20220707T173909_20220707T174820_T13SFD
2022_ARIK_4,20220707T173909_20220707T174820_T13SGD
2022_ARIK_4,20220707T173909_20220707T174820_T13TFE
2022_ARIK_4,20220707T173909_20220707T174820_T13TGE
2022_ARIK_4,20220707T173909_20220707T174820_T14SKJ
2022_ARIK_4,20220707T173909_20220707T174820_T14TKK
2022_CHEQ_7,20220617T164851_20220617T164900_T15TYL
2022_CUPE_2,20221019T150721_20221019T150722_T19QGA
2022_GRSM_7,20220923T161001_20220923T161444_T16SGE
2022_GRSM_7,20220923T161001_20220923T161444_T17SKV
2022_GUIL_2,20221024T150719_20221024T150719_T19QGA
2022_JORN_5,20220903T174921_20220903T175451_T13SCR
2022_JORN_5,20220903T174921_20220903T175451_T13SCS
2022_KONZ_7,20220613T170901_20220613T172041_T14SPJ
2022_KONZ_7,20220613T170901_20220613T172041_T14SQJ
2022_KONZ_7,20220613T170901_20220613T172041_T15STD
2022_LIRO_3,20220617T164851_20220617T164900_T15TYL
2022_LIRO_3,20220617T164851_20220617T164900_T15TYM
2022_MCDI_3,20220613T170901_20220613T172041_T14SQJ
2022_MCDI_3,20220613T170901_20220613T172041_T15STD
2022_MLBS_5,20220920T155941_20220920T161148_T17SNB
2022_MOAB_6,20220429T175921_20220429T180752_T12SXH
2022_OAES_6,20220509T170849_20220509T171847_T14SME
2022_ONAQ_4,20220505T181921_20220505T182340_T12TUK
2022_REDB_4,20220505T181921_20220505T182340_T12TVL
2022_STER_4,20220717T173909_20220717T174744_T13TFE
2022_TOOL_4,20220803T214541_20220803T214540_T05WPS
2022_TOOL_4,20220803T214541_20220803T214540_T06WVB
2022_UKFS_6,20220608T170849_20220608T171949_T15STD
2022_UKFS_6,20220608T170849_20220608T171949_T15SUD
2022_UNDE_5,20220620T165901_20220620T171040_T15TYM
2022_UNDE_5,20220620T165901_20220620T171040_T16TCS
2022_WREF_5,20220711T185919_20220711T190833_T10TER
2022_YELL_4,20220621T180931_20220621T181040_T12TWQ
2023_ARIK_5,20230813T172901_20230813T174104_T13SFD
2023_ARIK_5,20230813T172901_20230813T174104_T13SGD
2023_ARIK_5,20230813T172901_20230813T174104_T13TFE
2023_ARIK_5,20230813T172901_20230813T174104_T13TGE
2023_ARIK_5,20230813T172901_20230813T174104_T14SKJ
2023_ARIK_5,20230813T172901_20230813T174104_T14TKK
2023_DEJU_5,20230720T211521_20230720T211515_T06VWR
2023_DEJU_5,20230720T211521_20230720T211515_T06WWS
2023_DEJU_5,20230721T213539_20230721T213533_T06VWR
2023_DEJU_5,20230721T213539_20230721T213533_T06WWS
2023_DSNY_7,20230418T155821_20230418T160614_T17RML
2023_DSNY_7,20230418T155821_20230418T160614_T17RMM
2023_HEAL_5,20230812T212531_20230812T212612_T05VPL
2023_HEAL_5,20230812T212531_20230812T212612_T05WPM
2023_HEAL_5,20230812T212531_20230812T212612_T06VUR
2023_HEAL_5,20230813T214539_20230813T214533_T05VPL
2023_HEAL_5,20230813T214539_20230813T214533_T05WPM
2023_HEAL_5,20230813T214539_20230813T214533_T06VUR
2023_JERC_7,20230501T160821_20230501T161942_T16RGV
2023_MCRA_4,20230701T185921_20230701T190611_T10TEP
2023_MCRA_4,20230701T185921_20230701T190611_T10TEQ
2023_MLBS_6,20230602T155819_20230602T160940_T17SNB
2023_OAES_7,20230507T171859_20230507T172536_T14SME
2023_ONAQ_5,20230425T181919_20230425T182746_T12TUK
2023_OSBS_7,20230423T155819_20230423T160343_T17RLN
2023_OSBS_7,20230423T155819_20230423T160343_T17RLP
2023_OSBS_7,20230423T155819_20230423T160343_T17RMN
2023_OSBS_7,20230423T155819_20230423T160343_T17RMP
2023_SCBI_6,20230617T155821_20230617T161043_T17SQC
2023_SCBI_6,20230617T155821_20230617T161043_T17SQD
2023_SCBI_6,20230617T155821_20230617T161043_T18STJ
2023_SJER_6,20230401T183929_20230401T184336_T10SGG
2023_SJER_6,20230401T183929_20230401T184336_T11SKB
2023_SOAP_6,20230605T183921_20230605T184700_T11SKA
2023_SOAP_6,20230605T183921_20230605T184700_T11SKB
2023_SOAP_6,20230605T183921_20230605T184700_T11SLA
2023_SOAP_6,20230605T183921_20230605T184700_T11SLB
2023_SOAP_7,20230705T183921_20230705T184701_T11SKA
2023_SOAP_7,20230705T183921_20230705T184701_T11SKB
2023_SOAP_7,20230705T183921_20230705T184701_T11SLA
2023_SOAP_7,20230705T183921_20230705T184701_T11SLB
2023_UKFS_7,20230524T170859_20230524T171356_T15STD
2023_UKFS_7,20230524T170859_20230524T171356_T15SUD
2023_WOOD_6,20230619T172859_20230619T173914_T14TMT
2023_WREF_6,20230624T190921_20230624T191643_T10TER
2024_BART_7,20240829T153819_20240829T154422_T18TYP
2024_BART_7,20240829T153819_20240829T154422_T18TYQ
2024_BART_7,20240829T153819_20240829T154422_T19TCJ
2024_BONA_6,20240710T213531_20240710T213530_T06WVT
2024_CLBJ_8,20240513T170851_20240513T172119_T14SPB
2024_CLBJ_8,20240513T170851_20240513T172119_T14SPC
2024_HARV_8,20240814T153941_20240814T154651_T18TYM
2024_HARV_8,20240814T153941_20240814T154651_T18TYN
2024_HARV_8,20240814T153941_20240814T154651_T19TBG
2024_HEAL_6,20240718T214529_20240718T214650_T05VPL
2024_HEAL_6,20240718T214529_20240718T214650_T05WPM
2024_HEAL_6,20240718T214529_20240718T214650_T06VUR
2024_HOPB_5,20240903T153941_20240903T154200_T18TYN
2024_JERC_8,20240508T161901_20240508T162903_T16RGV
2024_LENO_8,20240526T162829_20240526T163544_T16SCA
2024_MCDI_4,20240612T170901_20240612T171745_T14SQJ
2024_MCDI_4,20240612T170901_20240612T171745_T15STD
2024_OAES_8,20240521T171859_20240521T172520_T14SME
2024_PRIN_7,20240518T170849_20240518T171459_T14SNB
2024_PRIN_7,20240518T170849_20240518T171459_T14SNC
2024_PRIN_7,20240518T170849_20240518T171459_T14SPB
2024_PRIN_7,20240518T170849_20240518T171459_T14SPC
2024_SOAP_8,20240609T183921_20240609T185104_T11SKA
2024_SOAP_8,20240609T183921_20240609T185104_T11SKB
2024_SOAP_8,20240609T183921_20240609T185104_T11SLA
2024_SOAP_8,20240609T183921_20240609T185104_T11SLB
